Model,Accuracy,Precision,Recall,F1-Score
Ensemble,0.8462407764408695,0.8454216512864664,0.8462407764408695,0.8457131774977701
LightGBM,0.8459083959316626,0.8446341784768422,0.8459083959316626,0.8448968747207202
XGBoost,0.8457754437279797,0.8445512891797052,0.8457754437279797,0.8448468708431974
Random Forest,0.8005052183739946,0.8112738661736747,0.8005052183739946,0.7975538803718856
