Model,Val Accuracy,Val F1-Score,Overfitting Gap,Training Time (min),score
Ensemble,0.8480533705068207,0.848200858973869,0.11874767605447789,0.36697628498077395,0.78882702094663
XGBoost,0.8471572239370706,0.8467626599021953,0.12152603108215199,6.313086366653442,0.7859996443611194
LightGBM,0.8465597928905706,0.8458974984052501,0.07436075388431196,0.12698670625686645,0.8087171214630942
Random Forest,0.7988648810116499,0.7966205515564965,0.012580548292066451,2.70667648712794,0.7903302774104632
